Maria Silva;maria.silva@example.com.br
Pedro Júnior;pedro.junior@example.com
Ana Costa;ana.costa@example.com.br
Lucas Almeida;lucas.almeida@example.com
Fernanda Rocha;fernanda.rocha@example.com.br
Rafael Santos;rafael.santos@example.com
Juliana Mendes;juliana.mendes@example.com.br
Carlos Eduardo;carlos.eduardo@example.com
Patrícia Lima;patricia.lima@example.com.br
Marcos Vinícius;marcos.vinicius@example.com
Camila Oliveira;camila.oliveira@example.com.br
Felipe Souza;felipe.souza@example.com
Larissa Teixeira;larissa.teixeira@example.com.br
Bruno Martins;bruno.martins@example.com
Renata Cardoso;renata.cardoso@example.com.br
Thiago Ramos;thiago.ramos@example.com
Isabela Cunha;isabela.cunha@example.com.br
André Moreira;andre.moreira@example.com
Tatiane Pires;tatiane.pires@example.com.br
Diego Barros;diego.barros@example.com
Aline Figueiredo;aline.figueiredo@example.com.br
Gustavo Rezende;gustavo.rezende@example.com
Letícia Azevedo;leticia.azevedo@example.com.br
Danilo Lima;danilo.lima@example.com
Vanessa Moura;vanessa.moura@example.com.br
Eduardo Nascimento;eduardo.nascimento@example.com
Jéssica Barbosa;jessica.barbosa@example.com.br
João Henrique;joao.henrique@example.com
Bianca Freitas;bianca.freitas@example.com.br
Matheus Tavares;matheus.tavares@example.com
Natália Antunes;natalia.antunes@example.com.br
Leandro Monteiro;leandro.monteiro@example.com
Cíntia Ferreira;cintia.ferreira@example.com.br
Ricardo Batista;ricardo.batista@example.com
Elaine Gomes;elaine.gomes@example.com.br
Fernando Lima;fernando.lima@example.com
Priscila Duarte;priscila.duarte@example.com.br
Rodrigo Pacheco;rodrigo.pacheco@example.com
Tainá Campos;taina.campos@example.com.br
Henrique Silveira;henrique.silveira@example.com
Sabrina Dias;sabrina.dias@example.com.br
Wesley Castro;wesley.castro@example.com
Michele Soares;michele.soares@example.com.br
Fábio Neves;fabio.neves@example.com
Débora Torres;debora.torres@example.com.br
Renan Vieira;renan.vieira@example.com
Tatiana Braga;tatiana.braga@example.com.br
Adriano Pinto;adriano.pinto@example.com
Clarissa Lopes;clarissa.lopes@example.com.br
Vitor Mendes;vitor.mendes@example.com
Marina Ribeiro;marina.ribeiro@example.com.br
Alexandre Rocha;alexandre.rocha@example.com
Roberta Nunes;roberta.nunes@example.com.br
Hugo Almeida;hugo.almeida@example.com
Simone Carvalho;simone.carvalho@example.com.br
Cristiano Silva;cristiano.silva@example.com
Paula Machado;paula.machado@example.com.br
Jorge Lima;jorge.lima@example.com
Flávia Correia;flavia.correia@example.com.br
Gilberto Andrade;gilberto.andrade@example.com
Carla Bastos;carla.bastos@example.com.br
Otávio Farias;otavio.farias@example.com
Monique Lopes;monique.lopes@example.com.br
Luciano Ramos;luciano.ramos@example.com
Érika Monteiro;erika.monteiro@example.com.br
Vinícius Moura;vinicius.moura@example.com
Lorena Sales;lorena.sales@example.com.br
Ivan Costa;ivan.costa@example.com
Verônica Cruz;veronica.cruz@example.com.br
Caio Dias;caio.dias@example.com
Isadora Menezes;isadora.menezes@example.com.br
Maurício Barbosa;mauricio.barbosa@example.com
Catarina Almeida;catarina.almeida@example.com.br
Alan Pires;alan.pires@example.com
Daniela Rocha;daniela.rocha@example.com.br
Sandro Nogueira;sandro.nogueira@example.com
Talita Gomes;talita.gomes@example.com.br
Renato Farias;renato.farias@example.com
Nádia Martins;nadia.martins@example.com.br
Igor Tavares;igor.tavares@example.com
Melissa Cunha;melissa.cunha@example.com.br
Douglas Lima;douglas.lima@example.com
Bruna Araújo;bruna.araujo@example.com.br
Luciana Castro;luciana.castro@example.com
Eduarda Leal;eduarda.leal@example.com.br
Marcelo Campos;marcelo.campos@example.com
Lívia Reis;livia.reis@example.com.br
Paulo Sérgio;paulo.sergio@example.com
Andressa Viana;andressa.viana@example.com.br
Edson Oliveira;edson.oliveira@example.com
Carolline Cardoso;carolline.cardoso@example.com.br
Rodrigo Silva;rodrigo.silva@example.com
Isabelly Rocha;isabelly.rocha@example.com.br
Anderson Moraes;anderson.moraes@example.com
Viviane Antunes;viviane.antunes@example.com.br
Sérgio Menezes;sergio.menezes@example.com
Rita de Cássia;rita.cassia@example.com.br
Wellington Costa;wellington.costa@example.com
Thais Gomes;thais.gomes@example.com.br
Heitor Santos;heitor.santos@example.com
Mariana Duarte;mariana.duarte@example.com.br
Elias Fernandes;elias.fernandes@example.com
Carol Souza;carol.souza@example.com.br
João Pedro;joao.pedro@example.com
Fabiana Lopes;fabiana.lopes@example.com.br
Andréia Silva;andreia.silva@example.com
Jonas Rezende;jonas.rezende@example.com
Ariane Cardoso;ariane.cardoso@example.com.br
Jefferson Monteiro;jefferson.monteiro@example.com
Amanda Freitas;amanda.freitas@example.com.br
Marcela Azevedo;marcela.azevedo@example.com
Levi Barbosa;levi.barbosa@example.com
Cláudia Ribeiro;claudia.ribeiro@example.com.br
Danielle Costa;danielle.costa@example.com
Wagner Rocha;wagner.rocha@example.com
Joice Lima;joice.lima@example.com.br
Mário Teixeira;mario.teixeira@example.com
Nathália Correia;nathalia.correia@example.com.br
Cristiane Almeida;cristiane.almeida@example.com
Tiago Pereira;tiago.pereira@example.com
Patrícia Farias;patricia.farias@example.com
Otávia Campos;otavia.campos@example.com.br
Ricardo Gomes;ricardo.gomes@example.com
Milena Andrade;milena.andrade@example.com.br
Bruno Leal;bruno.leal@example.com
Gisele Moura;gisele.moura@example.com.br
César Pacheco;cesar.pacheco@example.com
Joana Mendes;joana.mendes@example.com.br
Enzo Fernandes;enzo.fernandes@example.com
Helena Nunes;helena.nunes@example.com.br
Luiz Fernando;luiz.fernando@example.com
Beatriz Cardoso;beatriz.cardoso@example.com.br
Rogério Martins;rogerio.martins@example.com
Danielly Ramos;danielly.ramos@example.com.br
Nathan Lopes;nathan.lopes@example.com
Tâmara Soares;tamara.soares@example.com.br
Alessandro Batista;alessandro.batista@example.com
Rayssa Carvalho;rayssa.carvalho@example.com.br
Emanuel Ribeiro;emanuel.ribeiro@example.com
Thalita Nogueira;thalita.nogueira@example.com.br
Filipe Costa;filipe.costa@example.com
Regina Souza;regina.souza@example.com.br
Samuel Teixeira;samuel.teixeira@example.com
Estela Lima;estela.lima@example.com.br
Humberto Rocha;humberto.rocha@example.com
Elaine Ferreira;elaine.ferreira@example.com.br
Cléber Santana;cleber.santana@example.com
Iara Monteiro;iara.monteiro@example.com.br
Luana Barbosa;luana.barbosa@example.com
Murilo Andrade;murilo.andrade@example.com.br
Vanessa Castro;vanessa.castro@example.com
Jonathan Freitas;jonathan.freitas@example.com.br
Débora Ramos;debora.ramos@example.com
Luan Oliveira;luan.oliveira@example.com
Rafaela Pereira;rafaela.pereira@example.com.br
Júnior Costa;junior.costa@example.com
Alana Rocha;alana.rocha@example.com.br
André Luiz;andre.luiz@example.com
Vivian Gomes;vivian.gomes@example.com.br
Otto Menezes;otto.menezes@example.com
Felipe Martins;felipe.martins@example.com
Érica Vasconcelos;erica.vasconcelos@example.com.br
Guilherme Antunes;guilherme.antunes@example.com
Tatiane Oliveira;tatiane.oliveira@example.com.br
Caio Henrique;caio.henrique@example.com
Lorena Batista;lorena.batista@example.com.br
Alex Sandro;alex.sandro@example.com
Juliane Ribeiro;juliane.ribeiro@example.com.br
Leonardo Castro;leonardo.castro@example.com
Paloma Freitas;paloma.freitas@example.com.br
Breno Souza;breno.souza@example.com
Tânia Regina;tania.regina@example.com.br
Marcelo Viana;marcelo.viana@example.com
Bruna Xavier;bruna.xavier@example.com.br
Eduardo Martins;eduardo.martins@example.com
Silvana Rocha;silvana.rocha@example.com.br
Rodrigo Fernandes;rodrigo.fernandes@example.com
Natália Vieira;natalia.vieira@example.com.br
Sandro Costa;sandro.costa@example.com
Isadora Lima;isadora.lima@example.com.br
Maurício Rocha;mauricio.rocha@example.com
Carla Mendes;carla.mendes@example.com.br
Felipe Rezende;felipe.rezende@example.com
Adriana Barbosa;adriana.barbosa@example.com.br
William Tavares;william.tavares@example.com
Tatiane Castro;tatiane.castro@example.com.br
Vinícius Silva;vinicius.silva@example.com
Marina Freitas;marina.freitas@example.com.br
João Vitor;joao.vitor@example.com
Fernanda Cardoso;fernanda.cardoso@example.com.br
Marcelo Nogueira;marcelo.nogueira@example.com
Andressa Santos;andressa.santos@example.com.br
Pablo Fernandes;pablo.fernandes@example.com
Letícia Moraes;leticia.moraes@example.com.br
Danilo Barbosa;danilo.barbosa@example.com
Aline Costa;aline.costa@example.com.br
Gabriel Mendes;gabriel.mendes@example.com
Renata Ribeiro;renata.ribeiro@example.com.br
Cristiano Moreira;cristiano.moreira@example.com
Tatiane Nogueira;tatiane.nogueira@example.com.br